{"cameraMode":{"drawMode":0,"name":"Shaded","section":"Shading Mode"},"sceneLighting":true,"audioPlay":false,"sceneViewState":{"showFog":true,"showMaterialUpdate":false,"showSkybox":true,"showFlares":true,"showImageEffects":true,"showParticleSystems":true},"in2DMode":false,"pivot":{"x":0.20532378554344178,"y":0.2351410984992981,"z":-0.1698552370071411},"rotation":{"x":-0.015247364528477192,"y":0.984404444694519,"z":-0.11002849787473679,"w":-0.13641534745693208},"size":0.557182788848877,"orthographic":false}